user_id,wallet_id,first_name,last_name,email,onboarded_date
22c83c89-9a5f-4388-a6b7-671742b0855e,4f889f58-2670-445d-a0e6-0b7f20cfcd48,Donald,Silva,leechristina@yahoo.com,2022-06-12T09:40:09
03093d93-ac11-4308-bffa-22780c089c5c,c29ccfff-3ede-4d84-8ef6-a5647dc69a3e,Robert,White,bethanytran@chen-montgomery.com,2022-07-08T09:19:23
390a169c-f4a1-4580-97a3-16315f99ab5d,33ebdf88-8a95-4deb-9342-8acb10a5a9d5,Jason,Zamora,bryan26@gmail.com,2022-02-03T11:31:41
a5bef299-f5d9-4c33-a9eb-f076cde2f3d1,1c12155c-840a-49b5-8463-c92a73f48cac,David,Nguyen,lucasglover@hotmail.com,2022-05-12T20:57:13
7f5e1173-5920-4334-a46c-10c69c75008a,6d8a3a45-9e54-4665-9a2a-1847ea14ab25,Adam,Campbell,charlesmiller@hotmail.com,2022-11-28T04:22:40
b58b0c05-dd46-44d6-9b32-efe584e52dba,ac7efe67-4656-4c2d-8240-a07ab6cdf26d,Sara,Meyers,wagnermary@yahoo.com,2022-05-13T14:19:03
49ebd63c-2a2d-41fc-bf8a-a14c84bbe681,66660483-7d4c-4526-b99b-6772477402c1,Emily,Morales,brittanyvega@gmail.com,2022-03-24T15:48:07
634b25cc-4742-4f54-a648-b0a361077353,4cc0d959-898a-4f06-8cb0-31a9154bfc50,Manuel,Cook,pamela20@gmail.com,2023-01-08T11:16:04
500c9003-c996-42b0-ac56-3c921aeb1511,21544a6a-243c-45bc-abe3-a5020424ed2e,Jeremiah,Farrell,eballard@baker.com,2022-02-21T18:15:05
00550ade-3ea9-4239-b3a0-3959d16c26e1,88984439-91b4-44be-a396-367a6e7b3fe8,Anthony,French,hsmith@meyers.com,2022-03-05T05:40:55
f5e7c7c3-b5dd-4c80-8dbe-b96c34aa3733,1744c48f-10e4-46d6-b98c-005d74024d68,Rhonda,Sellers,jennifer73@mcmillan.info,2022-10-04T06:51:18
ab0a3295-c3b9-407f-afbb-4327c8452c7a,71254cfa-9079-43cf-929c-be64627d0c0d,Olivia,Edwards,jay22@yahoo.com,2022-09-27T23:11:49
edb865d7-9b65-42f1-8120-e9866b8a0fd3,9a244370-6f7c-497a-b488-7f4c714905cf,James,Young,alexis14@chandler-sutton.com,2022-07-27T02:20:49
560381a1-5aa2-44c4-bd80-60865c5327f5,95c61289-5b6c-4509-b753-36f71f552c72,Brooke,Ruiz,nicholas43@yahoo.com,2022-03-05T21:07:46
fc078c28-507f-4885-8b1b-5836022c9683,82a653a9-fca0-4255-a624-b650f76f8d20,Daniel,Powell,benjamin68@weber.com,2022-07-15T01:06:58
949b3a36-dad7-41c9-b189-d3f05b825b76,431b8c6c-a4d8-4a71-9765-e9ba3595e2b5,Michelle,Silva,william59@turner.biz,2022-12-15T11:10:38
c4065be9-861a-45e7-85e4-2e47e3f6d9b6,524e2d81-4954-48cb-85fd-79f8a60a40dc,Zachary,Zhang,sphillips@gmail.com,2022-12-07T12:59:25
289819b1-8050-45d4-b229-8b2d718f9b4a,93c2110b-66d2-470b-a41e-cb815d04526b,Robert,Simpson,iwilliams@camacho.biz,2022-12-05T04:57:38
c793bc59-3342-4677-971d-32c9c1fc4bda,e4539918-023c-4c26-9761-fe8525e1007e,Patty,Parks,usmith@yahoo.com,2022-03-16T16:51:34
f8be417c-bab5-4d3c-986b-abee5c6e64f2,b251d5c9-83e6-4b62-8e9e-1d1df579d77d,Vanessa,Hale,hblevins@hotmail.com,2022-11-13T12:09:59
7c0055f4-15e8-48c6-91bf-8131f6434cd8,b402f36d-8aab-45ef-9fd2-126d9decaec2,Benjamin,Powell,maciasjohn@hotmail.com,2022-07-19T00:34:21
63a9d100-1bbc-4c85-8985-a04b693e642e,1cee2d1d-1466-400b-b8b1-c6d86b40d637,Stephanie,Rivera,graymichael@york.com,2022-09-04T04:06:57
106cc424-8126-4168-92b6-2def00146e04,2efef6b2-07d3-448e-8d5a-b576bc5f7db0,Dominique,Miller,jack25@johnson.biz,2022-11-04T19:29:11
3086e0e2-e2f9-42df-bc1a-57d72394c3b5,24bc0692-cf5f-4367-ae15-316130860ee1,Timothy,Quinn,cindyjoseph@davis-whitaker.com,2022-11-28T19:27:36
758c16e5-e85d-4025-bec7-d8c13292abe8,0c7e8e48-52fd-4d27-9c18-8ff45688dc78,Richard,Hill,warrenrobin@lucero.com,2022-06-28T05:27:35
6b1fe89b-af5e-4eaf-9e81-ab96774c671d,621ca94a-37de-4592-8849-6a37af17204f,Katie,Kelly,martinezkiara@yahoo.com,2023-01-31T05:55:43
e52ffe2b-44b3-4c1b-941f-184b80738f0e,72d03596-287f-450d-a7ee-cab9e49616c6,Benjamin,Baker,emily22@barber.com,2022-12-05T07:27:07
a35cb8e1-cd73-410c-a736-ffd359442bb3,9ee26b40-8652-4442-82e2-0665c118df41,Amanda,Dominguez,qglover@yahoo.com,2022-06-16T00:47:59
30ea04a5-73b8-4fbd-95e7-39345d699a33,0a0fcaf9-690a-4864-a752-6aa29bc22638,Joseph,Baker,powens@gmail.com,2022-12-05T23:41:13
3d0460a3-95c6-405c-bf0a-0656420ab8d6,1ca1d6aa-e38a-4baa-b51d-200abd8c31d1,Jose,Gonzalez,johnstondavid@gmail.com,2022-07-26T23:24:55
14bef0be-85c4-49e4-b85a-e76c1509584a,783e44a7-6c8d-44c1-b1c2-4ee6cafb9ebe,Lindsey,Fisher,pmorton@ford.com,2022-04-16T20:45:48
030a78fe-9de5-48fe-ace3-8421c871c616,3d55d84b-e5a8-4b02-b3d8-ea389a109551,James,Griffin,kjohnston@hotmail.com,2022-05-24T12:06:49
1843c1f1-f7c4-4e62-95f0-a600731893cd,ad88c4e1-9f4d-449a-b996-9d4a643b95da,Lauren,Moore,wanderson@nichols-morris.com,2023-02-08T09:03:14
0f0e41b4-3bf3-4009-9645-19da9e330672,864597f1-6d1f-4345-8a17-bc5be59b40fa,Richard,Diaz,melissawilliams@stafford.info,2022-03-22T02:06:03
89326f7a-d8e9-40e6-9d7c-611f1ae898a2,0e9a5b7c-ce64-4d35-a16b-8426f955f641,Victor,Francis,eramirez@gmail.com,2023-03-23T16:16:38
cedb5289-9fbe-4aee-91ac-8c0689af2de8,bec09770-4966-401b-88e1-6994ee15d320,Sara,Dominguez,johnrios@morris.net,2022-03-03T03:20:41
f423e32a-fa90-4c83-92b1-aa348dd046e7,1642ebb8-e152-4663-9b2c-f7a088cbcd9e,Deanna,Moore,karagarcia@yahoo.com,2022-09-02T12:25:39
7a0a1548-b7e1-495c-b872-cd06745f84a0,13fc96b5-1b87-45c9-9cda-cb716ed79519,William,Thompson,cheryl39@martin.com,2022-04-21T13:22:54
e7f6fbb9-439b-48e3-8c48-30a5e62138de,fabedcb0-2453-4eac-9cb3-fd46430c8f2a,Laura,Bennett,elizabeth54@allen-smith.com,2022-03-17T15:09:44
1810ab02-35da-43f6-9e86-005e26f34621,66034567-cf41-4c0c-b34c-029390b5356e,Megan,Pitts,bwong@ramirez.net,2022-09-15T12:12:55
7aeb5713-5f41-43c4-b46b-f44c3d1481b8,7d2869d3-e1d1-420e-9260-4f994e45506f,Christina,Mason,lblankenship@gray.info,2023-02-03T09:21:37
01f5f491-8210-43d5-8d97-904a0cd7b931,99b58f71-d7a8-4066-be92-78ea8ecdf1f6,Laura,Adkins,csimpson@benitez.com,2022-08-05T15:02:18
bd0b3cf2-6d3c-49ee-9620-575811ebe310,b408815c-d5cb-4360-9bcc-31b3b44dc93f,Alicia,Reese,barrylaura@gmail.com,2022-04-27T23:02:54
1c97910f-7865-4eae-9f0a-425f11721cf0,a4014426-50c0-4ef6-a140-cafc7a27e822,Leslie,Holder,michelle61@church.com,2022-04-02T02:58:42
ef31b3c2-95d3-4227-b5d7-c35f676efbea,54d4b53d-e29e-4212-8008-1615d4b3aa98,Ryan,Wade,holmeskevin@allen.com,2022-12-02T22:22:44
231ca78b-7eb5-42f0-ac97-b7029c9762c1,d1550a61-cdf6-4e2d-bf31-b753f6ca720e,Alexis,Strong,rmcdonald@hanson.info,2022-08-02T20:38:47
76ea84e2-212a-477d-b405-a613c612271c,fef9e4a2-8130-4915-bc47-8a249a949aca,Christian,King,jeremyanderson@yahoo.com,2023-02-21T14:50:37
026912d1-027d-4d50-b53a-4c5145e3d811,ab556b50-e5ca-491c-8014-9bdb22a7181f,Cameron,Morton,adrian74@yahoo.com,2022-05-11T00:19:33
5b44f115-df96-4178-a571-fa70efb921d0,9096b4a9-a06f-4d46-b500-b5366e2d97dd,Michael,House,jmckinney@gmail.com,2022-10-23T08:23:17
c6986df5-a778-4942-b6a0-b0ec473b5fc9,5c4cc01e-360c-46cf-b7a3-316953758c1d,Kenneth,Boyer,petersenlisa@yahoo.com,2022-10-26T00:55:36
9bec836c-c74e-4fc0-a590-b9949c083233,bec8cc9b-5eb7-4491-bc8a-bccdc1592693,William,Boyer,andersonwalter@lewis.com,2022-02-02T12:47:44
3d697cdf-36ea-4c78-904f-7a3be7fe1f0d,7f78ceb9-091f-42ac-9675-3bf1bdfd1b49,Elizabeth,Harris,samuelholland@yahoo.com,2022-11-03T19:49:27
b2bd1e98-e3bf-4d1b-9d93-d8bf58531b12,2d1ecf62-3efd-42e0-b884-3249e64883ef,Sarah,Chandler,averyjimmy@hotmail.com,2022-10-16T07:53:12
ce38724d-7d85-48f2-9b72-1b5182be2323,29c81b5f-2d49-42dc-b488-ceab787a6aa8,Gloria,Morrison,rebeccaholden@armstrong-wilson.com,2022-12-03T20:21:44
db9350df-b5a5-48e9-bafb-61294c347890,fb3da891-06c2-4756-9f35-44d090f89138,Robert,Fuller,dianemejia@smith.com,2022-03-01T19:31:25
60ae3d2f-a3d7-4d52-b616-1bb6fd2fb2bc,b099583a-36c8-418a-9533-43cac10c7a91,Russell,Frazier,qroberts@moore.com,2022-02-10T04:58:58
743a9b0c-2524-4709-a893-c7e64e581f01,64d55ff7-e573-4e0d-9bb4-090e2daf89bd,Alexandra,Gonzales,jessica03@yahoo.com,2023-02-17T09:43:12
04d31bbb-9b91-478c-b19f-4b1e73dcc3e7,792d1590-9229-471a-9f84-7cad477dc63a,Henry,Thompson,kathy40@arellano.com,2022-03-28T02:07:56
55d35bdd-a58d-4e09-8956-400b2cc619c5,f3bd33f2-e445-4d92-a082-122845ec2a88,Kevin,Gallegos,umartinez@cannon-costa.biz,2022-07-20T02:53:58
eda277bd-3dca-4aa5-9e09-a148b8a08951,d8bb616f-34a5-4736-a54f-470fdf3b2786,Brandy,Gonzalez,kingheather@gmail.com,2022-11-21T11:29:49
800f8ce5-a8d6-482d-b5c6-c69b7db36915,50ddae3d-5052-40ac-921c-4ce7675b0ee0,Nicole,Lawson,jonathanclay@hotmail.com,2022-05-27T04:00:18
595ec1c8-ebd9-41bd-9d1e-f55431b48eda,6fbf4906-e8c6-4d72-84fa-e8e1f3afac74,Maria,Smith,thomas30@proctor.com,2022-03-25T07:17:52
72335d83-90f4-48b0-950d-7816849177da,ce76a911-661c-417f-b994-203846693438,Kyle,Sweeney,candicehorn@yahoo.com,2022-05-13T14:29:36
afb47c28-3bca-4a61-b4da-bb82563aa1ce,b9f89ad9-8880-4480-b22c-54b1acda028e,Kathryn,Olson,jeremystewart@yahoo.com,2022-10-14T19:24:13
98561963-8433-440e-b979-ef8d37b96990,c2429b25-8c3d-4860-80a9-5f10af44d787,Alyssa,Keller,ashley29@long.com,2022-04-08T15:05:03
ad5ceb3a-5d89-457d-b647-477e2890f082,427efe8e-1d86-4af3-a8d4-7e00112ec0f9,Ashley,Booth,steven01@gmail.com,2022-12-17T01:32:55
8f2a9e9d-70cd-4974-84c1-94db1c4363a3,afaee87d-dbb9-487b-954b-79a8f2de6fd6,Matthew,Townsend,anita44@gmail.com,2022-03-13T10:11:54
e67c50f3-a2d5-4c86-a54a-43104584d4f4,4b860f2c-f7a0-4585-9cc8-8a2756270ef0,Miranda,Beck,loweelaine@middleton.biz,2022-06-25T14:55:57
9682fd5f-18a6-485f-aefd-c6d4f728c312,4cdc4918-f9bc-4280-a961-4ced71bd7d97,Jeffrey,Ortega,brooke84@hotmail.com,2022-04-24T00:56:39
8f6510d3-c0d2-480f-822d-01c7028bcc5a,116ae86a-1216-4a71-96da-92ba81815fd6,Ryan,Ferrell,brandonwade@yahoo.com,2023-05-02T20:57:36
37427b91-c0c2-49b6-95b7-ef736c99208b,4b69bd20-bd8f-42fc-bf0c-32f2c334ee56,Paige,Anderson,lisa55@mendez-knight.com,2022-12-05T07:04:41
f45bdb11-fb84-4f80-a07f-7ba31cc1b565,ffa827e7-3bd2-4ed4-84b5-c6cfabf1d748,Ashley,Ali,qmoore@lyons-smith.com,2022-03-10T18:21:26
145cd216-c2c3-4e78-97e9-194e821782f8,92c1f0e7-9cf4-49d6-b2b3-07f454a0c3f1,Cheryl,Martinez,greeneandrew@hotmail.com,2022-08-20T11:01:00
c32c5fd1-9175-44ad-9b89-3703d4b550fe,43d942ef-5ac0-4385-a098-09816f963d35,Thomas,Perkins,jessicamiller@williams.info,2022-08-21T15:06:41
c75b543b-829f-42e0-856d-d647e3f5fd1c,6b84b18f-ba6b-4d26-acfc-b9d7b1ca1b22,Richard,Tyler,matthewslucas@yahoo.com,2022-06-27T17:58:33
1f4818e8-ba5f-4336-8e74-1745e8b33e36,4035a456-28fd-4705-9d5b-bf968852c618,Catherine,Young,sheltontommy@lindsey-green.net,2022-10-02T16:23:24
378bf5b6-4463-4671-8a68-e2628413e9d8,f08266a0-d7bc-4698-8087-02ed63f269fd,Bruce,Bennett,megan78@reyes.com,2022-06-30T02:04:25
533b570f-aeec-4ff8-ba52-7c525fc19f34,d609c546-ba49-4625-ba77-91c753e64854,Andrew,Garcia,patrickharris@brown.com,2022-11-20T16:57:08
52db6f43-eb25-4bfa-a652-fce185f255dc,119b3fda-de1a-4b57-8d5d-564df46390cd,William,Hansen,hwagner@villarreal.com,2022-07-31T21:28:37
3d16a40a-5064-4636-820f-389a4fbec4c8,74d88be3-c081-4b01-85c6-198f36709605,William,Fuller,christianwilliams@tanner.info,2022-09-24T17:22:08
2fe54eda-c18e-4135-9272-fbfb45fbdbf3,07e99c7e-dd62-4ce5-a8de-ca0094687dfc,Karla,Martin,todd28@ramirez.com,2022-05-04T05:17:32
af899fd4-7cb8-4bbd-bacc-a7aef42f73ce,c252537f-a841-45f8-a21a-07f8ce16618b,Nicholas,Foster,hamiltoneric@gmail.com,2022-09-19T05:05:01
a162f27e-a16d-4fe0-8e8a-f96af5a68ed3,6f7b876b-756e-47f9-ad03-dd069c690abd,William,Pearson,evansdean@lewis.com,2022-06-01T02:16:12
5810a975-b750-431a-85d2-eaad6daf8a68,afa69e4d-ab0a-432e-95cd-82b46e7c88c4,Elizabeth,Cabrera,xramirez@gmail.com,2022-04-10T17:01:47
d326aa16-3337-460b-8403-97b438c30531,eed04ac7-41a1-4e65-9b3d-539c43e2605d,Marvin,Tran,xmueller@carpenter.net,2022-08-28T01:44:23
d86f1b56-50c5-4124-a784-1c1f5aa4a682,5bb265e8-6bee-46a1-90fc-d944b2eccf6a,Ashley,Walker,pmelton@stark.com,2022-11-13T07:09:46
1c2df0e3-e122-4934-adb9-d129321df073,9fe81aae-844c-4de1-bdf5-18f1424a1657,Douglas,Riley,meghan65@gmail.com,2022-08-30T09:57:44
12e5b227-74fd-4d78-ab97-5eeb56194488,dd57def1-bd87-4ab7-b04b-22601d1b69b0,Tricia,Farley,kimberlyjensen@rivera-morris.com,2022-08-10T10:46:25
ed8f08b9-eac4-46da-8032-229bb0c6c667,1d78130a-0506-4a9b-bbbb-a7e0b7057fdf,Anthony,Melton,mannlaura@smith-hebert.info,2022-01-28T09:54:18
fea3f6e6-c8c5-4aeb-876f-52fa7e40b868,643e1602-b5f0-4bc3-8d20-c51678f94def,Daniel,Orozco,matthewzuniga@walker.net,2022-12-04T23:45:47
629f332a-97aa-40e4-9d16-d65f02fee9a9,8dd46416-14eb-47fe-9c73-5a6716d6b9f9,Kristy,Leblanc,larsonkathleen@hotmail.com,2022-09-11T16:16:04
186070ed-57bc-4d26-a338-fb6ac97c662a,de3ddb07-a8a9-47af-8aba-6260b4ef97dd,Patricia,Turner,marklittle@young-moore.com,2023-03-05T15:17:43
67e3cad4-9227-4213-9003-5df7dfdb41c9,12415af3-9559-4681-97ec-41d18990dd59,Melissa,Cochran,cassandra95@cantrell.com,2022-01-24T09:07:58
1e72ca07-7482-4049-accc-fb1431d5616d,92dd36cb-9c9e-424e-8982-572b4f31e28a,Shaun,Tate,jsnyder@gmail.com,2022-12-21T17:56:50
998c3f77-83f9-42c7-98e6-cc313cf441b9,ba8caca8-f153-455e-b5d6-c52294b8d802,Chelsea,Leach,garciakathy@gmail.com,2022-06-11T02:18:43
adb9ca62-244c-495c-8a42-8fd058c804a0,c5d2db9b-81fe-41da-890c-739d234a12ee,Heather,Aguilar,johnsonchad@tanner-elliott.biz,2022-07-17T06:07:41
87110025-4895-4eec-aee2-c30423158ac4,274b80c6-00e5-410a-8223-2fe31fc15e36,George,Harris,amandayoder@hotmail.com,2022-08-23T13:02:57
12c22c0d-7ab8-4492-8251-47b02b8c370a,989809d0-7f6f-4606-aee8-62548e511799,Elizabeth,Lee,baldwindavid@yahoo.com,2022-03-12T22:33:59
7413d7d0-fc5e-49e8-9db7-a6c5d125087b,a88d5769-881b-4b2a-b470-2da418c21882,Frank,Baldwin,tanyareid@yahoo.com,2022-04-28T13:37:59
8ff16642-4ae7-4bd5-b4d1-f219a23bb355,76ac28d2-98a9-4ae1-977e-033e8c8a7688,Jesus,Harris,howardjessica@alexander.info,2022-08-22T15:44:52
72bc06e6-b540-4026-a6bd-df6314d3e787,72a6947e-92eb-4f59-87f2-fbe41069fbdb,Nicole,Mercer,jmoore@green.info,2023-01-29T12:15:13
793898ca-355f-4685-a720-4c876cba7d19,6d4d172f-a39e-4fe6-ae8f-cbbad0e7a2d1,Sandra,Gutierrez,susan63@wolf.com,2022-07-14T01:34:27
8c59d11b-5a09-4f39-a3df-194ce07d32da,885757ca-f60e-4324-a19d-3f404c88a65f,Alexandra,Chambers,uperry@zavala.com,2022-06-28T00:40:42
020981d2-4344-49c1-9e3c-fdb5df424026,6c83bdb4-b972-4900-82b8-35ed4ef33590,Donna,Bryan,ugomez@yahoo.com,2022-11-12T02:32:47
33e9392b-19d9-4841-a679-bae9722d9b22,73296f21-5ec2-4457-8e85-d6dd6d5ef253,James,Clark,jamesburke@hotmail.com,2022-06-18T17:09:21
67182c94-c92f-4629-b2cc-d62fe2fceb11,74c1784e-69cc-4936-8ac0-fc0dcaa0175c,Jeffrey,Fitzpatrick,bernarddenise@hotmail.com,2022-06-09T03:35:21
ed6c035f-7ad0-4058-b8b8-ec7c015c5e78,fe8a82c1-683a-4ee0-a94a-72d6dee04978,Matthew,Garcia,johnmartin@carney.info,2022-06-06T02:55:12
73aeadb7-efb4-464e-ad89-8ea321628c3b,c63ffa4a-9438-4ae0-ad25-4e3a1d62c0c9,Sonia,Garcia,dean52@hall-salazar.com,2022-06-13T07:42:43
68142513-7f43-4185-9764-890281abac76,d0f5f383-6197-4b89-ae37-58fe363613dd,James,Kline,howardscott@yahoo.com,2022-05-12T09:04:11
62a0889c-12c3-4cd4-91de-3bbae106b8ca,28a736ec-a94d-47c9-8161-1d4060596209,Pamela,Case,laraolivia@bishop.com,2022-03-15T18:20:57
1f9de9be-b96b-43ed-a824-256f781e6a16,967443c7-132c-4455-b61a-572d38082fec,Maria,Schneider,mariahlove@hotmail.com,2022-12-31T08:49:36
7038f8a6-d275-4862-841f-4f2a8a27927d,dba4916c-b83c-41b9-a2e1-3a2afa8faaf1,Tina,Berry,ksanchez@becker.com,2022-03-05T04:42:13
770c4e44-4484-4073-8f79-ba81816c4f17,dcecb6a4-bd86-47bf-95e9-891ea359583e,Spencer,Mullen,jennifer37@hotmail.com,2022-03-11T05:19:52
263a06b2-48b5-459d-a2dd-d6f66b91aaf3,d4a56dcf-7172-47b9-99ed-b6cf6d55c1f3,Gregory,Cohen,marylopez@rose-carlson.com,2022-02-03T13:53:25
79766987-bea8-4edf-aff0-12a186216b13,ca185790-88a2-4d14-8ddc-a8f862e1dfa1,Tamara,Woods,tbrown@green.com,2022-05-17T01:22:05
b96f822b-94e4-42c6-9300-f9441033be12,d7149e5c-1ddd-4aa7-8830-051102165b37,Timothy,Bradley,williamstyler@gmail.com,2022-06-12T02:44:10
9bc7e977-e372-48c0-bf52-e1d4d090cc07,1471c051-43bf-4121-add5-6e102187d2cc,Jesse,Owens,brent13@crawford.info,2022-09-06T11:37:37
a4e07dbd-af36-4895-a24e-278c7f845048,1f0c09dd-131f-4d18-b738-baea115a218e,Tonya,Rodriguez,johnsoncristian@rosario.com,2022-04-21T00:54:46
1447cf9d-1673-4f6f-a645-07e39c306665,53a29dea-07c0-4e4b-a7a0-501a3b0dc0e1,Pamela,Erickson,leetimothy@butler.com,2022-04-11T18:03:18
e7aff4b1-d6ae-4444-8103-f0fcddadd205,ebe22b76-282f-4df0-a600-61c24bd742f9,Kevin,Guzman,jessicamiller@mcdowell.com,2022-04-08T19:02:12
83ebabd4-4aab-48a2-af1d-b9bebbb0ff58,62d46cd4-1282-47a0-8f43-ea5123b86ea7,Tyler,Lewis,michael81@hotmail.com,2022-05-09T05:02:22
925e8349-9a9f-4afc-a39a-5861a96e8ea6,cbacbac5-b40e-4999-9dcc-e863976ad242,Anne,Phillips,shepherdedward@yahoo.com,2022-12-06T21:13:29
0db5c682-863e-4c37-a969-d8cbcf8a89c3,eb4e380c-2d2d-4480-83d1-97840fac0716,Michael,Mcintyre,kberry@quinn.com,2022-06-30T11:58:45
1b7d4962-1105-4ec8-9c39-0e15684dab3c,23f56961-d418-4476-ae36-bf2b5c46689e,Elizabeth,Jones,jenniferbryant@alexander-garcia.com,2022-11-16T18:31:24
f9e43fb2-4a65-47fd-8dff-a12fe7a7ed6b,94eb41fd-bfbc-4db7-9762-e447ffdb8007,Rebecca,Murphy,nlewis@hotmail.com,2022-10-25T00:57:45
9a94d5c0-bca9-4677-9f48-e6c5524ff715,bf09be87-15e3-4ce3-893e-4844c3dfdc1a,David,Thomas,ethomas@hotmail.com,2022-08-01T13:47:01
7ea2952f-0aeb-4c1b-8c1f-c9cbf62b0640,47a1ee9a-8200-44e7-b046-31a4522e654a,Mary,Lucas,hkelly@hotmail.com,2022-02-11T16:49:46
f5d9f8e9-d5d6-4835-91d9-f932f2a8f323,d6fea7c7-8353-4d53-ae37-efd464f50dc1,Nancy,Lewis,pattersonjustin@young.net,2022-06-29T19:49:25
4a69a45a-43ff-4428-af28-da57a8b1defa,b914f946-8861-4017-aca9-5ad4e47dc453,Rachel,Wheeler,vpetersen@bartlett-williams.com,2022-04-26T01:54:15
f3d3d3df-2ab3-43d3-8333-f2daf7c8ddad,ae6015ac-000c-46c9-93f9-04a96fca0c36,Angela,Pham,bakercody@yahoo.com,2022-04-04T11:04:32
ba75f176-e414-425f-afdd-a8c60111e040,3aaeb342-627c-4d99-a3f3-a9e7297959ae,James,Armstrong,denise52@hotmail.com,2022-09-29T22:58:14
3087ab1c-5eaa-4b9e-a4e7-489bfa0ef73a,bfafea4e-e8a5-47f9-86c9-c84c3576fff2,Janet,Lewis,ohouse@yahoo.com,2023-01-22T22:28:22
3b21908d-0ce6-4c52-a209-d292886444a8,04de4a4d-f678-4cbb-b746-e7504d4d01d5,Julie,Jones,kelli83@gmail.com,2023-04-01T02:31:29
a4dada6a-655f-42fa-ab22-e0d01c19df37,8da05e7b-e954-4f0a-9590-27236dad9ddf,Stephanie,Boyd,sarapeterson@chandler-atkins.org,2022-07-08T17:42:16
17ade55d-f86e-4116-ab77-e04e546a6a8b,99d9649d-f77b-4c55-afbc-73f0fcc5dbd6,Kimberly,Hernandez,zacharymills@durham-chang.com,2022-08-23T01:00:47
645bc288-5d69-488a-8154-3da5ea73fda1,084c47a8-c9e4-425a-9228-aaa96e1cca83,Matthew,Davis,johnbaker@yahoo.com,2022-05-18T01:16:13
c522daf5-4a0a-455f-84a4-29eb3ceadae5,4423f8c0-199d-41ba-84ca-9bb5b096897a,Brad,Baker,patrickvaldez@powell.info,2022-10-10T21:41:48
4503f281-61ae-44b5-b4dc-ced492b21f0f,8f71d654-2a75-43c7-b5fb-4a4a89b7bfc6,Kimberly,Lewis,michael94@werner-riley.info,2022-12-06T12:33:25
0986a151-4b42-4159-88a2-da0f671aa2da,fb80df57-ed38-4897-abb2-5ffb394e78bc,Tammy,Haley,makaylaharris@yahoo.com,2022-09-13T08:45:21
9852deeb-16b8-4492-beda-5237d67648cf,c1d3f8f4-805d-4ae8-aa17-8c1154fa1b53,Jason,Carlson,johnscott@campbell.com,2022-05-25T09:55:34
426f4444-acc1-41fd-a825-2f9d733b147b,c23fd674-981a-45d1-9ab3-07373c895aae,Chad,Woodard,karenmcknight@sanchez-johnson.com,2022-09-28T16:11:28
2c41c0a1-a1c8-4640-8153-931985ed6e41,cab5dfae-06f0-407b-afda-5a18e714ffb1,Arthur,Baker,staylor@gmail.com,2022-05-23T02:17:38
64a46714-fa35-4fa1-add7-3914308260e3,341cba95-eedf-4cf3-bc1e-e89cbf3b2f7e,Stephanie,Monroe,jonathanperez@hotmail.com,2022-01-26T16:37:18
64a34711-2afe-4b3f-93d3-01496a350d48,a58d8456-ac00-4f8f-901e-ae95e571939a,Edward,Johnson,daniel41@houston.com,2022-10-05T13:29:40
12aa9502-7d53-4c58-a6ad-701e7e7dd445,91cb7154-2730-405b-b79d-9b0de15335be,Erik,Lewis,vpierce@yahoo.com,2022-12-29T03:09:25
42d282b8-b5e4-4a08-a94b-0406f4571e33,e4a4eb9d-795b-4057-afa5-7b304d841681,Kirk,Singleton,christopher66@clayton-nelson.net,2022-04-09T03:42:38
06a79725-b6c5-4833-9871-454a8f809ce6,2086af3a-e5b6-47c0-9935-46c99afdb759,Stephanie,Gutierrez,stephenpaul@meyer-smith.biz,2022-11-23T02:27:30
6f6788d5-e229-41da-b1d5-96fac2b1b100,8ec81a2c-514b-4e30-a86f-98e232589cba,Debra,Spears,ericbrooks@hotmail.com,2022-05-28T09:23:14
c823431f-269d-4ad9-8c90-e88a25f9578c,763142e6-6070-47d2-a493-b40e596912bb,Richard,Gonzalez,ahoffman@gmail.com,2022-09-08T20:11:10
cd1e53f3-48a0-4f1a-8075-a8a0ab950ca9,eb1fe386-597a-49ef-a56e-5737dd879486,Travis,Jensen,ricardorobertson@hotmail.com,2022-07-14T03:29:37
be568b8f-aaac-4b7b-9546-478b605e4c36,22700369-98a6-467d-aa36-8c948ec79874,Jamie,Jones,jasminewalker@hess-garcia.net,2022-11-19T22:12:19
3eb7b311-5d88-4857-9bf4-f9a66d51a7b2,c96315f6-c959-4f79-a570-7b00ed0e17eb,Mackenzie,Rocha,cmitchell@gmail.com,2022-09-18T07:27:56
3a244205-8dca-4cf0-ac4a-f3570b3f6884,ed264b76-55f5-448e-8ac5-0426d3510bd5,William,Stephens,fweaver@yahoo.com,2022-10-27T12:09:55
5a9a4c9f-61ee-421f-a292-6517cc08c73e,4c31ee3c-b121-43d9-9b5f-58ef75b4bb36,Jesus,York,bryan82@mitchell-dyer.com,2022-07-09T19:59:16
e28af191-31bf-44de-a9ef-732206949e57,873e7401-0f2d-46ea-b0b8-dd478aabef96,Damon,Washington,jessicaterrell@yahoo.com,2022-10-19T12:30:29
ac8dc436-717b-448e-88c0-54106e28066a,00a61a2b-d168-4503-bb77-73ed8773fdb0,Jessica,Keller,muellerjeffrey@hotmail.com,2022-10-05T13:18:26
c5769e10-f96a-42f5-a099-5bd367cf8e2d,a6c1edf5-c887-4db3-abd0-a98db677400c,David,Nelson,michael29@hotmail.com,2022-10-22T00:11:59
69200699-7d61-4eff-ba08-96e4e81caee0,96b4258c-dabb-4ad0-bda8-293065a6ca03,Elizabeth,Carter,yuchristopher@garner.biz,2022-06-14T22:01:25
bf0779e0-7810-427e-a6d9-664cadc5eca6,5b8d6ba8-493b-4ffb-9b73-8e5ec422ffa6,Cody,Estes,taylorrobert@gmail.com,2022-03-06T12:06:51
c376fc9c-8c2e-481a-856d-632544d9cd49,222405ac-a69b-49e1-9061-59d2ea806054,Javier,Beltran,emilygarza@hotmail.com,2022-06-11T09:29:04
2bdd0b49-5a38-4a3e-81ff-bf31dfbf293d,9b177417-9a4f-4551-8016-15ced3ee0461,John,Smith,nhaynes@gmail.com,2022-10-20T14:39:59
621c6e08-f04d-4e64-83fc-0905c0d4bb9d,3ef94767-c30f-4197-a24c-6120a27e9c60,Vanessa,Johnson,nknight@brown-lin.com,2022-11-30T17:25:36
f74af707-1167-4ea9-9c33-9dd7e12c129e,80ef3f7e-766e-4f22-ab03-e01b833b4f8b,Lori,Myers,gdunn@yahoo.com,2022-05-22T20:39:59
9bacf1a3-cc3a-480a-95bc-f0df7000af0d,02b31afc-cc72-44e6-b156-b9d1e2505510,Andrew,Mack,jessica35@jordan-ramirez.com,2022-06-19T14:17:21
fbc0ac20-3ac6-4dd7-90ac-d2a3998c013f,617ac9d8-6673-4fde-8cf4-3301be2f97a9,David,Price,andrewdiaz@gmail.com,2022-11-01T21:24:30
ddf044e1-0d2b-4823-9a3c-f493be1275b3,0a800494-253a-4a8a-aefd-7d4a4bc32370,Brandy,Ayala,ryangalvan@yahoo.com,2022-09-01T18:13:28
be0f422a-5356-488a-89d6-0892820b189e,c09a626f-d8a0-4eee-8b7b-e35f9e1e97af,Christopher,James,brodriguez@beck-ward.net,2023-08-28T14:07:28
de8321c9-43f4-4cd4-bc9c-de5ac8aa9ef1,4754cc88-5732-450b-b809-50595d07b3a8,David,Boyer,websteralexis@hotmail.com,2022-06-04T05:46:59
b53ebc7c-95bc-4423-bf07-d1f51adf5784,0c60c909-0749-4dfc-a604-ccd6d21503fd,Lynn,Contreras,rosssean@yahoo.com,2022-06-21T06:19:19
4fc038bf-c3ec-4591-815c-3bd651fdf957,ff3b7f1f-a72a-4c6f-b01d-792410d50956,Kayla,Smith,lunajesse@lopez-howard.com,2022-11-01T10:00:33
d59d7338-3a9d-4377-ba73-af1db5f1f9d6,8b1cbb4d-c678-4d1e-af33-a7299b4fc61f,Mark,Cross,jasonsmith@yahoo.com,2022-07-26T14:36:25
3bd35a81-efb3-45ec-87b6-99f2fe94ea90,1838a409-50e1-4e9a-ad2a-bd8daf0210a4,Barbara,Baker,mwilliams@hernandez.net,2022-04-29T11:44:26
dd716d0f-491f-46e1-be48-b79b0242cd31,00f60ea8-fc3d-4642-8995-c02d4d83ebbc,Dan,Patel,daniellecastro@george-harris.info,2022-05-09T07:18:43
905e7630-d490-4d65-827d-f432f52d3f87,5386aef1-f69f-43ba-a0a5-bfbbae2095a5,Miranda,Robbins,tkirk@gmail.com,2022-03-26T08:48:43
ac8ca6d9-7e29-4dfb-935f-6e5694751084,973acba0-dd89-4b19-95c3-a8348e83ffc2,Jessica,Lyons,asmith@green.biz,2022-07-20T10:51:46
a20165e1-a55f-4a0f-9536-f841fb20f443,8dd4cdc3-8b55-40d5-adc7-146f5f6ef26c,Roger,Phillips,shelbymiller@yahoo.com,2022-03-17T22:33:31
eeb4603c-c80e-4d53-b887-b284c00f2e9d,118c2b9e-3669-4464-95eb-2512f3ffe32b,Katrina,Stokes,klester@lee-alexander.net,2022-06-18T11:03:55
a23ce383-3138-4a45-b660-109aaa5e0a40,f12eb30a-4bd8-439a-ac9a-23fd94560302,Brandon,Evans,hilljustin@hotmail.com,2022-03-13T12:41:36
66d5d77c-7612-48fc-babc-7350a2289f84,2c70cb41-81cf-45e0-8193-5493a4a2c6c2,Erik,Jackson,sdrake@gmail.com,2022-04-26T14:15:56
5336d5a7-ba5d-4e02-b3d5-1e9c972bb131,c6224e95-607b-4a1c-9517-e7e1364d0488,Michael,Castillo,ramoskelly@hotmail.com,2022-09-05T02:51:34
b57a38e7-43b6-45ad-9a66-5edd60dff38d,e41e99bc-d67c-4cc4-9ef7-d155f9821960,Joseph,Short,smithmark@yahoo.com,2022-03-24T14:30:31
b277b66c-5aac-41a6-a84d-32941e3de738,854cce89-2496-4f92-924e-5619a465a2c2,Sheila,Brown,renee16@cunningham-matthews.com,2022-09-02T08:20:33
caed5613-756b-4a1e-bd3e-ee6c97c81e9a,14c52f91-112d-46d6-86ff-9684b84c1b1a,Kathy,Rodriguez,kelly75@hammond-morgan.net,2023-05-20T19:43:58
09faea76-4c81-4296-854c-0977418d10a8,64d8fb73-7cf9-4937-bfcc-c7e1a5715f42,Ronald,Newman,jjohnston@miller-cervantes.net,2022-09-23T11:43:17
45a4857a-1e1c-477b-9b1f-a79455121634,b8e7a3ca-25f9-4f19-b579-29123cf426b3,Karen,Wilson,eugene11@gmail.com,2022-06-28T23:41:05
743c0928-55c8-4e32-87e3-bf193073f1eb,38635252-8ec6-48a3-8f9c-5ae4b33a705c,Marcus,Cook,delacruzchristian@moore-carter.com,2022-02-01T23:08:06
8644fcbf-41c9-41bd-8724-1181797ec40f,0e5301c1-f849-4610-93ba-03821c6b6029,Dustin,Sanders,gregory69@beard.com,2023-01-27T16:29:28
5ed0f331-18cd-49e3-9059-0b08eca763e4,9e078a70-0b19-41c8-a7ac-cd6094321cdc,David,Williams,lambjoel@peters.com,2022-06-05T09:43:24
7088e413-3874-4a16-a50d-d2f2652f08ad,67840e2b-6a56-4b97-9381-d3137d1ee94f,Rebecca,Taylor,tcarr@yahoo.com,2022-03-10T13:20:27
c9b5b481-528e-49fc-be2a-c6ae786df1e5,df24dc2b-932b-4d0a-b9c3-d6bb7df7ef0a,Derrick,Wright,moorekristen@gmail.com,2022-11-27T13:15:31
4617ae50-8848-463b-949b-6a4b8f0322fe,e090310f-ca91-458f-98e9-a17f0e108860,Brandon,Gonzalez,hilljulie@hotmail.com,2022-04-27T15:11:46
d179295f-0abe-4c5f-bfa2-2aa69b9440a4,b05b0918-9c8e-4238-b822-fa13605f24d6,Margaret,Torres,wardtravis@hotmail.com,2022-05-30T16:16:16
0162410a-0814-4458-b2b1-2f5b6271647c,ca37be20-0500-48f7-b36c-6481191d7982,Elizabeth,Sweeney,zdavis@cox.com,2022-02-21T23:54:53
1396b163-5546-454a-a8a6-50c2e71fe111,b9aa7082-892e-4c4e-a68f-3085471fd95a,Diane,Pham,peterrodriguez@hotmail.com,2022-07-22T12:34:22
3edfd27a-190c-425c-ab7e-072458694057,7ac9eabc-b659-4aca-a17e-1744cb2af65c,Melissa,Garcia,leesamantha@wilson.com,2023-01-20T02:59:03
22096d18-ed35-4fdd-ab49-46c42a8c9d8c,970a7b41-d6c5-4dae-8b4d-a1087fcca2c2,Robert,Conner,bellashley@rodriguez-evans.info,2023-01-04T19:08:54
c5f27b53-4b65-46dc-9474-e3637b6bf702,27a537f4-3a19-4caa-bed0-aeed9e3e1a01,Breanna,Reese,madison24@pennington.com,2022-06-02T03:04:41
46aa312f-3f46-4c7f-b3c8-cd299a824dd7,ac6dda20-2d1b-4ac8-8013-d69207f4a4a7,Alexandria,George,kathleenscott@yahoo.com,2022-08-22T04:10:21
c4b4161c-3a68-433a-9015-af418e0988a4,d68fa9e7-45dd-4e9b-a680-e61d8e32ceae,Mitchell,Dixon,amanda65@yahoo.com,2023-05-21T14:18:59
c53f2287-b5de-44b4-ab41-67aa9cecfab1,332f8d3c-677b-4eb3-a6b1-b6697e88935e,Joseph,Nelson,ohayes@brooks.com,2023-01-03T13:32:23
e16a692f-1d78-466d-bbe0-71c4363294f4,ebf44a35-a03c-41a1-a115-3304ae500814,Gina,Johnston,rdowns@thompson.biz,2022-04-09T06:48:41
40930373-088f-4cbf-b9f1-b4f805922fbc,9665091f-2a23-4cac-8fd4-426495dde47d,Howard,Cohen,vmitchell@robinson.com,2022-11-28T04:47:39
cffa1d1f-b5cc-481c-94e7-7c86a83d77f0,f24f0a8c-49bf-4d64-9ba1-6d6c58981402,Melissa,Ward,hernandezadam@hardy.com,2022-07-17T00:15:49
beee2ae3-2d11-479c-9419-fe56ff4e6212,3a6274d6-4d89-4e88-9c05-5dec47ac8bdb,Jay,Ponce,qsmith@hotmail.com,2022-11-22T13:54:36
0f5359ac-e95e-4d6d-888f-fdb8d84cefe4,01e85b07-fc40-4dc9-b8cf-b0fa0e5e6b3d,Ricky,Howard,yhamilton@pierce.com,2022-05-28T20:42:02
956962ed-24f6-4344-bd68-7e7499f31e9c,8d78a57c-3117-478d-886e-df9448225b0a,David,Reid,brandon45@yahoo.com,2022-11-13T13:05:05
ad2df87d-8813-4575-83a6-ffbd6f3057c6,d797fc8a-959e-4889-9b11-616e011e1871,Lauren,Ramirez,mstephenson@fisher-fitzpatrick.org,2022-06-07T03:54:56
659085dc-ae0f-481d-9312-ce66589a279b,1469f32a-ec43-4356-acd7-926bfbb83594,Julie,Smith,kristi41@gmail.com,2022-03-06T00:28:45
5b7e564c-cb76-49e9-b3e8-0d2f6e529604,3683f0c6-f17a-479f-8510-28ddc4d13ecd,Olivia,Davis,nicholasrodriguez@yahoo.com,2022-05-29T17:34:27
e601fa9c-e91b-40fa-8fe1-99f0c542a2f1,e85b683d-44e2-4fa6-996e-3a9e60f47013,Kevin,Smith,frankjoshua@wright-duffy.info,2022-05-27T21:43:22
d88f6db3-b159-4486-90e7-e324041a612c,dabdc0cf-80dd-4c7e-af6a-92c43374fef3,Tracy,Stewart,kellercarl@cole.biz,2022-05-26T14:04:04
178c0717-5c0d-4ca8-8d43-bfce71258c54,6959080d-3c58-4729-bfef-a8ca648b757c,Randy,Burgess,cmartin@gmail.com,2022-05-21T16:33:43
aabd8271-d2dd-4358-8136-33411e811dc4,717a6022-62cf-4994-a4a6-5594ac5ee67f,Jennifer,Patel,johnwatson@hotmail.com,2022-12-29T18:27:45
5c7228cd-4d98-419f-a322-24b6b2424c80,26ab75ea-ce51-43af-9dbe-93794dd558df,Shannon,Munoz,brownjohn@gmail.com,2022-10-29T13:09:41
a1d99b9b-24f0-4e7b-b673-0c9598bc65fc,711168a5-5f23-4de7-8bd7-a4ae738b8217,Dalton,Woods,simmonswyatt@klein.biz,2022-11-02T19:39:51
8350e572-5940-4f4c-a8ea-1824b205d142,c00bd2cd-f01f-4cda-80d7-f7dd3eff4923,Terri,Warren,clarkmikayla@jones-hall.net,2022-04-30T08:56:24
eb764288-bd1c-4a6f-ac67-ae6cba7031af,ca9c16d1-43a1-4fca-bae9-19f5810dcb8b,Stephen,Garcia,taylormichelle@yahoo.com,2022-05-06T11:09:28
2a9932d2-82b7-474c-8611-20dfbb81db5b,7b357c97-9ad4-47bf-9d75-97aa29fe65c4,Alexis,Johnson,stacyhernandez@gmail.com,2022-11-16T00:36:05
051c6571-7cca-4304-8d88-8e0314cf791f,5f9dc39e-b9bf-4244-aaa7-bfab9988a56e,Sarah,Gallegos,jared68@hensley.info,2022-07-14T15:44:54
6193e44a-a98a-427e-ad9e-3fc78fe5d21b,301c89f1-34b8-4888-a562-cfce62d46a88,Aaron,Williams,brendasmith@kramer.com,2022-09-01T19:22:24
57e99cd2-8096-43c3-acbf-66890c526b53,1e91a216-e47b-465b-b726-4958a9b3a7cb,Michelle,Johnson,richard18@hotmail.com,2022-10-26T14:25:17
99dab328-b938-43f6-835b-b383a9a5e39d,cca78c15-b7df-4763-86b8-5da13ecccea6,Jennifer,Garcia,walkerzachary@yahoo.com,2022-12-29T13:53:59
b7e0f21f-28df-416e-a434-314ff9b904e0,a7d10f62-b2d3-4714-afbb-0f04784183bf,Gregory,Holmes,carlsontammy@yahoo.com,2022-08-24T01:58:58
110ce12c-3980-4f1a-9fe1-1b907a86da5d,671a3d54-30c4-4fb6-9812-2cee0e820f59,Patricia,Ortega,lori20@thomas.com,2022-07-15T22:32:30
4a980bc6-e4f2-4f18-8dce-66216b8bcb1f,f8145e44-a6a4-4742-b4fd-ff22a295714d,Jeanette,Green,xkirby@woods.biz,2022-03-18T04:48:13
e15ea83c-5a45-498f-a108-80e36a862d12,df80320c-9cfc-4a06-837e-727ba1667f85,Amanda,Henderson,fdavis@hotmail.com,2022-09-17T18:19:24
4bed8777-0b34-4a75-ae7f-d1c20d86fb0e,f88e57c6-500c-455d-9190-cea8846410a9,Christopher,Jarvis,yjohnson@martin.biz,2022-10-25T15:51:11
060dcc37-b5fc-42dd-a8f1-3e9fb12e44df,b899d788-c586-496b-ba00-b305d0e1bebe,Michael,Hernandez,andersonerik@gmail.com,2022-07-17T12:53:13
a907a5bf-b316-474e-a4a3-f505b72d2d29,857edb8a-5eec-4378-a79c-875ee36c4104,Emily,Morgan,daviddawson@adkins.net,2022-08-01T15:02:20
dcf742ad-60a3-44a6-9b28-7633d20f9c3e,cda82ae0-58a8-449d-9b2c-13d50a78da44,Tony,Bailey,vargastyrone@greene.com,2023-01-24T17:55:49
13589a89-114f-46d5-9351-5998b47e4db0,6c2aa0c6-f625-459f-8779-c193a24236b2,Phillip,Graham,yjones@yahoo.com,2022-03-23T13:04:41
debc14d2-d9ed-4092-9efe-733b9e132738,35d82766-6349-4507-ad9b-3a1672bde0b1,John,Church,sanchezkristin@wilson-robertson.info,2022-09-17T01:59:25
4d677c7c-50b7-4ef1-bc7e-943ed3184900,d7a837bf-9204-469a-8bd1-d4ecf9ae5f24,Kathryn,Price,robert43@barker-francis.com,2022-03-18T23:20:23
7ec7aa4e-52e2-4b0b-981c-c2f544f6b8b4,cd634040-68e2-4d78-82b4-ef8fc55949b5,Laura,Mcgrath,nathanielgarcia@shaw-gibson.net,2022-07-24T12:56:07
4f1c0687-4650-47d0-9b1a-0bba6ce22495,6d083408-3023-42c6-879e-c254a23852ec,Marcus,Tucker,gainesdiane@hill.info,2022-10-21T00:52:04
e03ad56a-5b89-455d-a4a8-957a61eac013,f576e6b3-1eb3-432c-a053-b37f47ae82b2,Thomas,Shaffer,ysantana@miller-anderson.org,2022-04-11T08:48:36
8a40fdbc-a96a-4e57-93a5-edb46e2cae1d,430bfa10-9809-4c8d-933c-c76e6f6cfbad,Jacqueline,Davis,amberkline@ross-reid.org,2022-06-15T03:18:57
08c577f4-b619-41ad-85df-b42f8a225c48,cca38146-c3c5-4603-ae6e-799df8654591,Deborah,Williams,patrick39@alexander.com,2022-09-13T16:48:17
8dc69b15-0f89-4b35-93d0-3a8279b90f59,8c0f37e2-b450-4551-bbe3-d2dcb5597d93,Thomas,Brown,whernandez@arnold.biz,2022-12-06T22:19:56
0daa4227-1a02-49d5-b1dd-86a369d8f6aa,0799b009-a72e-4b55-83de-40308debb7f2,Holly,Harrison,xrhodes@hotmail.com,2022-03-20T08:39:46
09ca1ecb-355c-4c8e-8c98-6fc9b167f2ad,80c8bc12-a7ce-4eeb-adf7-a28115dafdef,Bruce,Wilson,pbrown@robinson.com,2022-05-25T20:27:17
df00ff67-9f02-441e-9d3b-c8ca39e02b6d,087ef046-cefc-4b64-a9a2-8e144f4e2b18,Daniel,Manning,xavierflynn@gmail.com,2022-11-28T14:17:34
75b61bfe-e1d5-4b8e-b05b-552d016f29ef,769ea068-2727-4e27-8f4d-e59e72e920d7,Peter,Mathews,bauermichael@hotmail.com,2023-03-24T05:25:01
9bcaa284-17f4-4a31-bcf1-ae91ded1a182,0f92632d-9030-405b-a819-cf25a0b55ecc,Eric,Gonzalez,dodsonkevin@hotmail.com,2022-11-24T04:53:21
7d98118d-e3a2-4b9b-81a1-3f4c8d8eb562,81fffbbb-1eda-4ff9-b3ec-4b77bef26257,Cheryl,Wright,fkelly@gonzalez.com,2022-03-01T03:34:23
3ce3bfd4-94de-4160-b6ad-dd4e15017905,0f8f790b-4259-4fdc-ae0b-5b32d7dcf388,Joshua,Lee,zcombs@gardner.com,2022-10-28T22:27:08
a2eab7d2-056d-4a88-a413-3c244ae4e95c,593b79c6-4598-44cb-a723-b13e1050d71b,Jason,Martin,underwoodkelly@brown.com,2022-06-01T14:03:27
90e84db8-1a6f-4101-af52-8cb9d849df68,ea8bfd5d-8b94-4266-bee1-53c889a69917,Nancy,Ponce,virginiacollins@gmail.com,2022-06-25T08:03:39
ab463f72-0a51-4be4-891b-54e8b9ff2529,86d81b04-1dc5-4d50-9f31-4c7a1534be1f,Mark,Palmer,crystal20@gmail.com,2022-03-28T20:26:41
28c5e5d8-6912-452a-9900-81f66fe8adb0,4240a6fe-d2b8-49e9-a4ce-a2000d5cc767,Keith,Reeves,mcgrathlisa@gmail.com,2022-05-08T18:25:15
df420188-17af-4f82-86c8-8f8bb0851a95,848dbd75-84b0-46dd-bfb9-f7f3f0d042d6,James,Taylor,tyler69@bowen.biz,2023-05-12T10:47:13
e9d528f4-04b6-4961-8ca8-198cd3eb11e6,c55c73cc-0ee3-49d3-b5ab-3e1c1f4144b0,Fernando,Cobb,david59@gmail.com,2022-07-16T08:34:22
5cbee659-74e7-45fb-89b6-60265e5ac622,6d111190-70a2-49a7-ba9b-644339abf85f,Jessica,Smith,kevin53@yahoo.com,2022-06-23T04:16:05
65c60d75-af72-4b4b-aaca-9daedd16e09d,b3fed3c6-4438-478a-9e16-586b410825a1,Tracy,Green,michealbeard@hotmail.com,2022-09-19T01:33:51
53018899-3ffc-43ec-a8e5-ea38e40b4e54,944f3ca0-17e5-4fdb-9762-6eaa320c42c1,John,Briggs,freemanryan@gmail.com,2022-04-29T20:18:38
396beaa4-2656-402d-8e9e-526da221c823,796fd055-8363-44c8-81ac-58b389e3fb19,Deborah,Marsh,jorgemedina@crawford-jordan.net,2022-10-10T13:51:26
847a33f9-5159-4af0-8d8f-119d5a360a1e,59457a58-7687-4df3-90ba-d5ef68c47fd4,Vanessa,Hill,efowler@hughes-shah.info,2022-05-19T19:06:48
3f246927-bac4-4e56-a82b-dc2ace5c65c6,53ea3813-695c-47b3-ac49-27c89f1a22d9,Kimberly,Lawson,jeremywyatt@vasquez.com,2022-12-03T10:46:44
704043c2-fc07-451a-82f9-672bffc731df,a021a8d9-e94f-4431-9994-3e46f049528b,Martin,Jackson,brewerdavid@yahoo.com,2022-08-11T03:00:37
d49f0cbe-ba07-4c14-bc5a-c302988daa5e,1e3bf08f-74fd-418b-950d-65a17cbc4460,David,Myers,xbean@bates.com,2022-04-07T17:15:45
ca7f1422-44d1-4a58-8e78-83525975f843,de73341a-9eba-49d0-aaf3-2bd6933e9cc6,Jeremiah,Young,dalton86@willis.com,2022-04-28T23:22:07
8ce9b3c1-48c0-4395-b317-e5a6fe663b91,e7ed79dd-08cf-47b9-957f-321b6be12021,Robert,Campbell,blambert@thompson.info,2022-10-10T09:31:54
c1e0cd34-673f-4c53-9649-d9ed8711427c,2d46d5db-9b8b-4808-a02a-6b1abc99fe35,Gabriella,Washington,ellisshane@hotmail.com,2022-05-18T12:23:43
868011b3-ffc0-4668-b553-d54e62d90f9d,4d11d2b6-33ea-4874-acf0-6c75a8397c35,Andrew,Woodard,cranetimothy@hotmail.com,2022-09-13T20:51:53
a014edb8-026f-42e4-9656-2e9b596e0679,f90e6395-fd99-44a0-af34-a2dd7359dd4d,Cynthia,Garner,kaitlynthomas@hotmail.com,2022-07-17T15:10:02
a8fd593b-0a8c-481b-80c0-4eb9ada9febd,e89a2a36-6d68-46cc-b14b-1d5fe4fbbc56,George,Williams,wstafford@rosario-hart.org,2023-03-04T12:26:00
fdb20289-4658-4a6b-b911-fa84d798e7af,754ab41e-2512-448a-b194-0ec9887b05b4,Daniel,Weber,sharondonaldson@rich.com,2022-12-11T18:21:43
39dfc310-720a-4c02-9492-8cbcc3345b2f,c2896b64-a91d-4c51-82c8-81d09176014d,Kyle,Strickland,youngpamela@hotmail.com,2022-09-26T22:21:16
149d9789-ae17-40a7-8934-c29360ba232c,91c0c632-8215-4f46-9933-9c1d6a2c57a4,Peter,Parker,castroallison@watkins-mcgrath.com,2022-07-09T09:28:26
63d87454-9a3a-4a89-8aa1-0139fc31a2a9,a78a24cb-b77c-4921-9e30-bb1c37991341,Thomas,Riggs,deborahmartin@barnes.biz,2022-09-06T00:55:22
6985d0e1-3ad6-49c2-adbc-dfbe763a4259,a1ce14bd-0131-4de5-9d36-54e872329a85,Jeremy,Mcdonald,tonyataylor@ward-church.com,2022-07-07T02:13:57
1b1919d6-411f-403e-b053-62aae42dbfd8,14b50118-f4e9-495e-aa3e-dddc71d6f708,Andrew,Rivera,erinthomas@bryant-sanders.com,2022-07-15T23:39:13
11cb388f-12d8-4177-9229-04f1901d052c,930fda12-89a0-4493-af71-8e30e7577315,Julie,Flores,brianhall@hotmail.com,2022-08-16T03:03:15
3eaa4ce3-8d90-434f-838a-c8cacc67f64c,f12b088d-b955-49b5-a824-9543229ecb68,Randy,Griffin,barbara66@jones-greene.com,2022-07-24T19:38:08
c394836f-a4e0-4fd3-b615-77ec50f34858,4d682536-d297-42b6-8807-1756230c04bc,Timothy,Tucker,vickicochran@hamilton.com,2022-02-07T12:56:48
51ae4452-16e7-411d-99a4-8e2efa9187d3,1bf0a43a-4bc7-46b0-a45a-09e6c548eba6,Eileen,Ball,harrisonchad@hotmail.com,2022-11-18T10:41:34
7bda2e3e-c2d6-4e97-a3e2-d6fde0be8417,4e48a020-c26f-4f3a-b147-f9e40edbf21f,Adam,Powell,blake21@gonzalez-osborne.com,2022-01-19T05:50:48
98184da2-a408-46d2-85fb-8cbb127cb7e2,6324b17e-e51a-4f8c-82f8-645a04bd72e8,Andrew,Barrett,brian91@hernandez-hanna.biz,2022-03-31T17:09:12
7355335d-043c-4a51-8378-5b78d94e086f,52081abd-bc04-4b0a-acc2-e572fbcf6e9a,William,Stevens,tmcdowell@gmail.com,2022-04-30T00:39:02
3ad48b7b-dfa4-4d88-b1f6-e91c58ced820,0f3ae3ff-9fa3-4fde-8805-7016fde30045,Sandy,Washington,msmith@gmail.com,2023-01-13T21:34:34
8a1125e5-b350-48b9-8d31-1485f0444239,3b55ab6f-664d-4840-b53e-93fae32a8d84,Brooke,Blanchard,catherineharris@matthews.com,2022-03-06T12:47:25
1321642b-db58-497d-9f07-97f2ce858688,67764232-7a88-499e-9750-74cf3f7bf4d5,Laurie,Williams,katrinajackson@galvan.com,2022-03-02T23:19:07
11ec5fe8-2f4d-4c9e-bce0-5cbf1e754fad,62da04e6-081a-448c-82c7-e047486f11f1,David,Wang,ronald39@hotmail.com,2022-04-09T02:42:32
7973d498-42df-409b-ab42-e90d86e7f203,0fcc5736-c1de-4e23-bbe9-8859eaf13a8f,Tanya,Barrera,gonzalezsarah@ayala.com,2022-04-22T09:29:09
a9e8b53e-aaa3-463c-8adf-b2e8acbac073,8050792f-00e9-45af-a6ab-05be8f62a0fc,Nicole,Jennings,ortizmike@hotmail.com,2023-03-17T10:08:04
fdab8f5c-737e-411c-8bd9-268e3fa65c59,127c05bd-89b3-4dc5-999f-548a2267870a,Rodney,Thompson,dtorres@baker-rose.com,2022-08-05T12:51:38
0714047b-29a6-4497-9684-b08de7f204d4,7968a2c0-100e-4997-a07a-3cf9e42af47b,Randall,Jones,lisasimmons@lin.com,2022-12-22T13:48:14
93fbd4a0-4191-4d13-8d7b-f45ab203c322,cc1bed0d-aa17-46b5-9c81-35fd91847ba1,Joseph,Sims,billy90@kim.com,2022-10-27T20:20:59
65951319-87b8-472f-96b5-5793aaa9f729,3d94c2bb-31d4-4a03-859a-c932df3cff50,Emily,Callahan,karenpratt@castro.org,2022-05-27T17:07:45
4abc19ab-b2c5-4006-aba8-6aa52a12a292,a8d1763b-20e0-4f6b-9be2-fb8ff9067288,Nicholas,Robertson,ryanrichards@valdez.com,2022-05-15T10:37:22
74702896-ae20-4701-b4b4-a50f522d37a7,56330ac7-dd46-48cd-a876-565d14dc461d,Tiffany,Robinson,rpaul@hotmail.com,2022-12-21T14:36:05
c6150d72-69b4-4106-905f-6cce67414160,5583e78f-b3fe-44aa-8d42-fcf5f826e1a4,Jeremy,Bautista,michaelhenson@russell-english.com,2022-10-10T14:27:12
d495f393-c361-4f2f-ac88-5bd3e0cfe65d,bb63e9a8-a3c1-4087-82d9-5388c72191a4,Ellen,Williams,masseychristopher@gmail.com,2022-05-21T16:42:10
a64d40ea-d49d-433c-a755-67182ab21d97,a31664de-4518-49d1-8df8-8afe02806259,David,Morris,fmoore@oneill-colon.com,2022-01-26T09:55:08
19a8622a-f139-4d2a-b944-d0a493a48d5b,a89ac95f-ea73-416e-b05b-72a7fc7956e5,Tommy,Butler,qorr@montoya-dean.com,2022-04-14T18:48:19
732214c7-5342-4f6d-af9c-975ff42a62a9,6b7990ee-199f-432f-85c1-309bd02f6c7f,Maureen,Martinez,cstewart@gmail.com,2022-07-23T16:55:08
639c572b-1e88-4a45-8726-8b8ad9cbf7ea,d50f9c79-e9d9-429d-9f5c-06a8e5d72cde,Tyler,Massey,davieslisa@davis.net,2022-06-18T22:56:03
eb610c62-95d1-4d0d-9baa-ee13ccd17029,cdd2dfa1-18da-477b-923d-79a966a3d8c7,Allison,Taylor,andrewmckee@yang.com,2022-01-20T02:45:55
afc0fdc4-978a-41cd-b2e6-f5989ae319bb,feb89d74-a3d8-443b-86a2-e819d928c08d,Mitchell,Martin,erica24@hotmail.com,2022-04-15T11:02:26
44e1742d-adec-4674-9199-c9ddbd77a494,4ee110a0-5fa2-4bdc-893d-5ffb8b07a65e,Rachel,Walker,ewest@brown.com,2022-09-13T17:57:33
730ef3e6-d1e3-4033-b524-908adfab35b2,b6ecb95c-32a1-4bf7-9c31-319e04a0f343,Sarah,Raymond,ulowe@gmail.com,2022-05-27T10:53:32
427adaa2-b07b-497c-9a98-1b54a578fecb,e4d1a3d7-920d-4fbc-bf0d-7e5f3260f087,Andrea,Carter,leslie55@hotmail.com,2022-04-01T10:56:54
cb1dad0f-0323-49be-b75f-bf5cee932bb9,b5b5a697-4fee-4edd-baf0-ce144e9a74bc,Christine,Parks,ewilliams@yahoo.com,2023-05-16T07:23:02
2ad8d3d9-de62-4889-b890-e301d12d0c36,36da38a1-fabc-4fe3-a76b-db5a6c6359cc,Carolyn,Lowe,melissa30@gmail.com,2023-06-09T14:43:15
f75a2609-c42e-4d32-88aa-a2c8963b5235,52219df2-f8f1-44e4-9496-8d4051ed0a73,Daniel,Randolph,sullivanjason@johnson-espinoza.net,2022-02-10T16:02:27
5ff6be2b-6a9b-41dd-bfb4-f13288c55195,00ba909e-58bf-4dd4-a537-73b3ff66381e,Elizabeth,Hernandez,michael19@perkins-lopez.biz,2022-08-24T04:38:31
bb3133d3-d91e-402e-98c8-db0d35ad77cb,4ac3112c-c768-41da-a982-a8ff6f1ffacb,Courtney,West,chad45@shaw.com,2023-01-02T03:28:42
66bb8382-1950-4aca-a4f2-6e5debfc2384,c6002861-f523-4fbf-a515-015b1329318d,Michael,Zuniga,cgray@webb.info,2022-10-02T23:33:27
9aadfbfc-749b-4e14-98a3-4dc26872c065,1f081949-b0fc-4f53-8d4c-a57b22b21e06,William,Watkins,donna47@james-simmons.info,2022-12-14T09:00:16
bc56901f-2372-4a71-a996-4de2bc960ab4,cddadb96-4ae1-42c8-bd0b-4d47b0660506,Laura,Humphrey,bruce24@gmail.com,2022-11-09T20:31:22
eb99c228-84fa-4fda-8d49-3356bd507c72,ddce0ca7-e8fd-4a75-9f74-12d634950050,Patricia,Williams,austinrodney@kirby.com,2022-09-25T00:16:43
41f537a6-bf7d-47d2-ad8e-256aec88b45a,6bdb0bf5-7a49-4332-9cd5-e829b95e27b0,Erin,Burke,stephaniehunter@cuevas-holmes.info,2022-05-21T20:24:47
4f77ce8f-982e-4fc3-8224-6a564478a0bb,24a36ce2-3705-4fd6-863d-d8b168894801,Omar,Jones,thompsoncatherine@wilson-doyle.com,2022-05-03T11:11:05
2d67f9f5-ee86-4764-96ed-acc7545831bc,cf7689c1-34ca-4325-b128-d6105b7e6e23,Tommy,Simpson,emilylopez@gmail.com,2022-09-04T14:39:04
1df2649d-839b-42ad-a74f-eb904bac7e30,a9c72319-6067-430f-8e1e-1c281f8c4cfb,Glenda,Shelton,uzhang@gmail.com,2023-06-22T02:06:02
c9b5075a-75bb-4476-82ba-34d37b44562c,7c114fe5-d26d-4b3b-8c48-1d6862b480c9,Alejandro,Rowe,ncole@king.com,2022-05-21T17:55:31
0321048e-dfee-407c-a742-9b0bd430469e,fb9471ba-f56f-42c5-b7b2-13a99c80f914,Jasmine,White,drakeclaire@perry-mccarthy.com,2022-12-07T15:42:20
b244d72b-f04a-4205-baa7-f383d4f3d295,41eaae98-6c06-4656-93bd-7d3ebb98f12b,Jill,Reed,gdorsey@yahoo.com,2022-04-15T04:49:37
9de00931-6dc5-4a7e-8467-e9f13d763630,42b29d10-f9c8-4d5c-ae36-6834d739f486,Pamela,Sparks,omiller@bonilla-daniels.com,2023-01-05T03:03:34
3023b937-8d4e-43a3-8a22-8a698796945a,733f1ad2-75f5-4064-b1b2-c39b3f761695,Tracy,Acevedo,cwhitaker@harris.com,2022-08-01T21:56:13
0a1bd4cf-3ecb-4b26-9c00-0cd5e524a1ef,747ed72a-c152-4f94-adb6-842ed7e9e107,Aaron,Eaton,nguyendarren@cardenas-mcclure.net,2022-08-25T04:34:48
e9b3bf1c-b823-46bb-abe8-262f6c9d5fa3,e3dc4ee9-32c3-4085-a1c5-f36ae56c6f13,Raymond,Rivera,hharrison@berger-robinson.com,2022-07-18T13:50:13
2b89384f-ffc8-467c-8d08-3cd5404768a8,389393a3-c181-48ed-a11a-fe98b7c4b898,George,Rogers,jdaniel@yahoo.com,2022-06-20T21:31:42
03a09110-ae48-4ae7-bc60-57c7f92b08df,fb3d8944-2665-4053-a1bb-8e39f0c395e6,Rachel,Williams,kevin17@yahoo.com,2023-03-23T09:51:15
fad3bdd3-6578-4446-9c23-293099038da0,dffebb0b-c337-4c55-b0d1-dcac26d3a159,Katrina,Scott,shensley@smith-franklin.com,2022-03-22T19:23:20
7610d41e-7195-484b-b5ed-4ccce8a0f796,2762bae7-47dd-44a4-b711-5b11e6be896f,Crystal,Stark,ericawashington@gmail.com,2022-10-18T13:52:15
616b8ee1-4ede-4cfb-8b16-4028d48c3d70,f0dd7248-82f8-400d-ac88-155bf6b5db27,Ryan,Gomez,zbarajas@gmail.com,2022-06-28T17:27:20
bf36b03f-5bfd-47f0-88cb-064c026de913,c6d9e4af-eee4-47a3-ac21-0a5363a2b3ac,Tiffany,Mccall,krobinson@hotmail.com,2022-02-21T22:28:41
ebcd338c-c98b-4dae-9c07-6e96507a63fe,6751bebb-4a3a-4f0e-a84f-094e2cdaf627,Kimberly,James,edwardhernandez@morrison-burton.org,2022-08-08T03:10:19
06549117-75d7-4cba-8ec1-39f75de9a8fc,b5f43dfe-eadb-4ba3-afc1-b3742c2c2bc3,Lawrence,Caldwell,odouglas@barr.com,2022-05-30T21:56:48
2f4344c0-d2b0-42cf-96de-a975162facb2,e1136827-d121-404a-97e4-fc3890cf44b4,Stephanie,Hawkins,mcdanieleric@gmail.com,2022-02-07T05:27:49
ab8adf9f-ab90-4970-b86f-0b8cdbcf8722,03dc2f8d-b27e-47f6-8be8-7ae1f3340b7e,Nathan,Mata,john55@gonzalez.com,2022-01-05T22:09:50
399034ab-dada-4f72-97b8-0ca1ca5762f9,350d328e-0f2f-47b6-a4e3-647f16992e0a,Victoria,Best,marc70@wagner-blackwell.com,2022-10-18T13:09:16
0698c904-60ba-4637-ae7a-abdd61ac5f61,d3535db9-7ae6-4cfa-8cbc-dd8afd17455a,Eric,Martin,bradanthony@moore.com,2022-06-30T09:20:50
7642f6d5-b9a2-46df-98f7-a06755d550fc,045cbdec-45b6-4cfb-9bb4-987e58e856ee,Derek,Jones,vbridges@mitchell.info,2022-05-12T00:56:03
27b3e6ad-592f-4783-8456-96d6e65f6224,35a1ed2a-720d-4ceb-9b42-9047f7e8aa24,James,Hammond,sheila95@guerrero.net,2022-12-06T07:39:34
8b2813d1-6afb-4964-bf46-e3600eb2d167,b002d3d3-1a42-456b-8887-28e73f9e4331,Alex,Harris,donnaallen@bowman-chen.com,2022-08-14T23:11:44
c6a0698e-c9c4-44c0-baa8-bf449b400770,29a60bf9-6ee5-48fa-87ea-ac47d3c25de1,Lawrence,Jordan,linda34@kim.com,2022-08-09T09:28:45
aebecc33-46ab-41e6-808f-64a7ba00214a,c1ce1484-33fc-4996-9a52-5c7c2983056d,Omar,Snow,ashley64@wallace-martinez.com,2022-11-12T07:40:13
ede2f986-7a3c-4844-901f-d07b34053a5a,2862f087-1775-4349-a740-4e36cc705e80,Paul,Hurley,faithgarrison@king-butler.org,2022-07-05T15:26:12
fa2a3234-3f74-4bd2-9f61-23846be72886,6dbb519f-0bb2-4a15-88e8-4f9989ddf759,Taylor,Hayden,justin00@hotmail.com,2022-09-21T17:08:34
19f6c40e-4de6-413d-a0af-0194190520a2,65be0d05-803f-47f6-87f0-a57dd89cc620,Daniel,Lewis,jeffrey66@gmail.com,2022-03-29T09:35:34
f69c0930-204a-4117-94da-2664dc7b1a58,06f35c95-1987-4148-b84f-abdb5e745604,Charles,Watson,gonzalezalyssa@anderson.biz,2022-11-21T21:00:42
9ceae3fc-0199-4771-8cf7-b3a9ecd6ae15,f88b54a3-bd89-4d99-9e95-0ab2a92eb13c,Michele,Horton,rodriguezfrancisco@hotmail.com,2022-10-10T04:05:22
2c80f1ba-c3ee-421b-999e-b393913d3b8b,8693e97f-077d-42a3-8978-6786121682f2,Christopher,Figueroa,barkersarah@hotmail.com,2022-05-12T23:47:12
dc04fd1e-12e1-4bab-ab14-d070346a2f7a,f86bfc75-2d18-45a5-ae83-d5ab7db0c1a5,Megan,Warren,kristen10@yahoo.com,2022-07-13T19:12:38
690de7b6-cb49-4403-970c-ad4711f19e9b,31d316bb-d7db-432b-b52c-34d824034f4f,Austin,Johnson,michelle89@hotmail.com,2022-09-26T18:16:34
ba17fbb4-9cc3-4c9a-8e10-bc7d77dd938e,14be28e7-67d9-4777-8a04-846cc86606b2,Misty,Edwards,carolvazquez@gmail.com,2023-02-01T11:59:05
d868e10d-148c-4d24-9629-1644baee12c5,6689a005-38c8-495d-b31b-ad973c6d8c4e,Jared,Dickerson,millerkaren@anderson-figueroa.com,2022-09-07T17:43:38
e5ab5464-aafd-44aa-93ae-4fd48b57c7f9,6031177c-29bc-4924-9f4e-d84132f93b86,Tara,Frey,bestes@yahoo.com,2023-01-16T06:40:04
88d26a2b-1000-4d9a-ba2f-c32cfe642c5b,6997d389-6ec5-4e9c-808c-205afc046435,Brian,Bennett,cindy83@hotmail.com,2022-04-08T16:06:29
6d381f74-df00-4488-80b7-f7aa1370664b,a37bf5df-5119-4ed6-b601-72336b38a2a6,Lisa,Krause,marylowery@hotmail.com,2022-08-09T15:24:03
a4c33373-77c2-46de-8b55-9550fd8d27ff,9322d18c-1ed5-42eb-8ad3-12e182ed5870,Catherine,Mcfarland,cynthia36@yahoo.com,2022-10-07T01:59:59
29a8f29d-43fc-4176-80be-3e90f9e3e2be,e986a2d0-7ab0-41aa-8212-36e5f25eed8b,Tamara,Ramsey,contrerasgrant@gmail.com,2022-10-26T11:18:57
d2f02a24-063f-4103-9940-ff1af9de45c1,176a6e3e-8728-494d-b099-d830435f4ece,Jill,Brennan,jameswhite@yahoo.com,2022-06-18T02:44:02
9f5ae469-4406-4a21-b4f2-2d319d58736e,1f694669-c1dd-47b8-adbb-7a25e932236c,Robert,Oneill,cgrant@gomez.org,2022-11-06T04:02:49
1e8b595a-ee40-425f-adbe-92099f3c61f3,ecbb7bc3-7f72-41a1-91d0-5aa323ed2b22,Derrick,Myers,tony58@gmail.com,2022-12-14T21:40:51
3d6b4c4c-822c-4db2-96a8-f8883d520dca,c97ee795-2ba8-4a8f-a7cb-829da59a7ce6,Cynthia,Brown,sean49@hotmail.com,2022-10-10T14:07:26
a14c6d5c-bae4-45b2-aa06-6b39e183e996,4f951e6a-745a-4ff7-b186-99443ab99696,Traci,Davis,richardbutler@adams-fisher.net,2022-07-11T03:33:30
6176052f-a196-4c26-9f51-b85de73d5f14,b6dadeb1-1842-4175-b6d8-10dac76a3370,Nicolas,Yu,jessicaolsen@gmail.com,2022-12-29T18:28:13
53c754c4-e529-4be7-840f-ee33b8f9d8ab,8bca4f7c-75c9-4d6b-8992-9c5472757597,Dana,Myers,joe08@gmail.com,2022-07-09T02:11:09
16873f9a-1b92-431a-b905-2986d0b10f4a,ed0aa06b-602f-4ca2-bba4-2fd3161f6028,James,Faulkner,nbond@yahoo.com,2023-01-16T21:43:14
01f07b4e-1887-42f0-b865-55e16d79710e,52fcd053-58e9-432c-bb7f-50ba3faf2a26,Duane,Mcmahon,wjohns@hotmail.com,2022-07-12T04:00:04
0701ae93-47cd-465a-b8bc-1ac01069e47c,62b5219a-090e-4cc9-a349-0c56fd8861a7,Margaret,Ramirez,shellycampos@benjamin.com,2023-01-12T01:51:35
4524f5bc-9252-4085-be9d-6eb67ab911da,949373df-4974-4ce7-a8b8-3cb78c1c862f,Marcus,Zamora,zgiles@hotmail.com,2023-01-02T12:01:29
2b98f194-041e-40fd-8356-708ed35ae5cc,42a0981f-c846-4845-a8fc-3081e74307de,Lori,Ortiz,pricefaith@yahoo.com,2022-11-07T12:11:19
c46f7001-03a6-4600-b28e-0907a571c2f6,7fea3221-d537-4d27-8460-4257223cd5cd,Timothy,Travis,christinastevenson@gmail.com,2022-05-01T16:14:03
61d6f31e-df24-4cce-86c3-6416fe9b4612,87a1bfb9-9483-44b5-9bc3-572649c1e8b9,Brandy,Morgan,johnsonrachel@flores-campos.biz,2022-08-29T10:09:08
3652cd25-8609-4bc4-b848-33ac2077a569,676c8f1c-d2d6-4e4a-b79d-347dbede1525,Shannon,Sparks,scottbonnie@yahoo.com,2022-09-13T18:17:43
4efba3d8-fe65-45cf-ae39-4deaaa6a89c2,0e484666-08d1-44e6-a108-fbf6a41f43b0,Tanner,Wise,james20@yahoo.com,2022-03-27T04:39:24
bc6a6eca-d60d-4529-95f1-13c85d6b2642,433aa969-d30d-4cd8-9031-1100c93a8156,David,Peterson,philip28@gmail.com,2022-11-21T11:38:27
3bd36745-a70d-4143-b0ce-088de9363624,52401c76-4c57-4adf-8810-c4212cb38544,Joseph,Raymond,cliffordking@hotmail.com,2022-11-19T14:46:59
bd9d0e34-19f9-4955-acb4-bf11d463ca12,3f4289ac-88cd-4e0a-8792-92ddb82821af,Brenda,Garcia,katrina85@yahoo.com,2022-03-08T09:38:11
8c88c019-b04e-4c3e-b7ab-37109ed1a24a,2e187fcc-aab6-4157-8bcf-57f2bfb033ab,William,Jacobson,jesse77@sanford.net,2023-03-26T22:22:42
85e55be5-ff02-4c3f-acd7-22478c4c373d,19c0f09a-9db4-4d7f-a32e-60e00805b07c,Jared,Salas,alicemoyer@brown-collins.org,2022-07-12T22:39:28
44c25f92-f383-41c5-8844-2f12a15cb39e,f523321b-5487-42a3-9dde-7f90be1b4b13,Debbie,Wall,fjohnson@campos.com,2022-12-21T19:33:53
21cb5ddb-232f-40a5-bbc1-b06753134be6,bc4ca86b-757f-4f4e-ab33-0f899e0665b4,Raymond,Johnson,patrickandrea@adams-holt.com,2022-11-15T15:51:51
7df2d394-a307-4c40-922a-632529a7727c,92537204-041b-4998-bff4-380291626d41,Jessica,Chaney,bwilson@richards.biz,2022-06-11T17:16:03
748b7d66-e780-4575-97d9-22bcb211937d,381f8ae8-329e-4d94-a797-c463a36f30c6,Debra,Stephens,curtis14@manning.net,2023-01-29T16:50:36
5359b266-9621-417e-a403-cacae212d9b6,96d140bc-f930-4b1e-996c-6e955fb1621c,Kevin,Mclean,gary75@yahoo.com,2022-03-31T14:23:21
928512fc-0abe-43d5-b181-f35a687b9d4d,34cd1d18-6514-423f-aba4-a7724fc94549,John,Guzman,palmerheather@yahoo.com,2022-08-14T15:39:50
c44fe540-07fc-4d06-a4e5-b255b64ce6c2,1cefe881-d3db-489c-ad51-b2630f192a4c,Matthew,Moore,qlewis@gmail.com,2022-02-02T01:39:28
b883e592-6488-41eb-8df8-cdaa67cfc786,5f50b647-51eb-4ab7-aad6-34329cf28a7b,Jack,Rogers,hillchristina@gmail.com,2022-04-12T14:42:29
78331946-3bf9-41de-8766-bc906ba7d256,41520050-f0d2-4ef3-8ed9-27ead97f1402,Veronica,Snyder,gonzalezmelissa@schmitt.com,2022-07-11T20:11:46
d26e77af-cab1-4705-8633-e2a3399b8e0e,d7a6745f-9644-4e58-ab9d-4b7c16081c5a,Alan,Gutierrez,fzimmerman@hotmail.com,2022-10-19T01:10:05
0e461ab9-0334-4acc-972a-611b89ea2d5a,2e3f052e-0b9e-4a54-9f4f-327911e620af,Kenneth,Murphy,ericsmith@gmail.com,2022-05-20T03:04:06
4bf525c1-922f-4bf7-b7cc-624ab7e0e726,4183df68-6b69-46a6-bcc0-9aaebc175277,Jose,Hodges,alexandra53@hotmail.com,2022-11-23T22:21:21
143beb13-13bd-4817-9dc9-41ee797eb1d5,814a88ca-d7e2-4e70-be24-bb73bb9313f0,Kathy,Myers,lwilcox@yahoo.com,2022-09-02T06:21:11
fefaeca5-c8d0-404e-9cee-88e623f3703a,3fcea047-4b2b-4bf9-9606-36409638e1dd,Brenda,Scott,rebecca77@martin.org,2022-09-29T12:55:39
c89e60e4-3ac6-43c9-bdc2-0e621f70167d,fafce0bd-e503-49ae-8054-d5e7b8b43685,John,Andrews,jennifer50@gmail.com,2022-09-18T21:17:48
1ceadbc6-6b00-49c0-936a-2c94739300fc,8548cb3a-3237-4255-9612-f464195c0de7,Ashley,Rodriguez,contrerasalexis@yahoo.com,2022-11-27T13:48:47
4c463d31-ff04-429e-8a7c-2b5f944a7715,23834846-9e66-4e1d-bfb6-ca66d53292d1,Dan,Murray,lloydsabrina@yahoo.com,2022-12-27T17:46:52
146dea85-59a4-4fba-a05f-74b697be7633,623abf5f-7de5-47c8-ab77-c752e8dc6023,Linda,Vega,reynoldsnancy@jenkins.net,2022-09-23T03:33:12
8ca26b9b-9005-44d2-9c5a-5ce042997cb5,ecf17607-d5a5-4b33-9069-0d49f77e6f6a,Melissa,Woods,johnjackson@preston-blevins.com,2022-09-01T14:52:02
ffc78596-5869-4597-bf8a-4ab3c0554897,f3ff7181-0ccc-4454-978f-a6631bd88622,Jerry,Johnson,ibailey@gardner.biz,2022-10-13T04:01:28
676acd54-e407-4ca0-ad09-2dbeb808e976,217a24db-ad55-4d47-96e3-ed583f8bbf7b,Matthew,Huff,bmckinney@cooper.net,2022-10-15T13:10:45
883a19ca-53f8-4096-ae63-596383de9585,0a3feed6-851e-4699-a9d9-a8c91a3a6897,Brandi,Mccoy,joshua19@yahoo.com,2022-10-20T23:23:32
e60a3454-538e-4297-9a8c-d1dcb1ee5187,f7157fc2-2bca-4718-9915-534c1bba7e32,Alexandra,Mcdonald,howellashley@gmail.com,2022-06-22T19:34:07
552e2f19-965d-4f01-b2c4-3312a627c1e1,15381492-6c6f-4a9a-b553-af454e01e7ce,Kyle,Sampson,jonesshelly@hotmail.com,2022-07-29T00:52:08
48560dc4-f961-4654-86b9-d579a461d396,7afd37a8-a93a-4e73-be15-e7e488b2357b,Wendy,Lewis,brooke96@hotmail.com,2023-02-23T09:20:33
